,buy
1,1.0
3,1.0
4,1.0
6,1.0
11,1.0
12,1.0
16,1.0
22,1.0
24,1.0
26,1.0
28,1.0
30,1.0
33,1.0
35,1.0
36,1.0
38,1.0
40,1.0
41,1.0
46,1.0
51,1.0
53,1.0
54,1.0
56,1.0
57,1.0
59,1.0
64,1.0
66,1.0
67,1.0
68,1.0
69,1.0
70,1.0
71,1.0
77,1.0
79,1.0
82,1.0
83,1.0
84,1.0
88,1.0
89,1.0
92,1.0
93,1.0
104,1.0
106,1.0
107,1.0
108,1.0
110,1.0
113,1.0
121,1.0
122,1.0
124,1.0
125,1.0
127,1.0
128,1.0
131,1.0
134,1.0
139,1.0
140,1.0
142,1.0
143,1.0
144,1.0
147,1.0
154,1.0
156,1.0
157,1.0
163,1.0
164,1.0
172,1.0
173,1.0
176,1.0
177,1.0
179,1.0
180,1.0
182,1.0
184,1.0
186,1.0
188,1.0
191,1.0
193,1.0
194,1.0
198,1.0
199,1.0
201,1.0
202,1.0
205,1.0
207,1.0
211,1.0
218,1.0
219,1.0
220,1.0
223,1.0
224,1.0
225,1.0
226,1.0
231,1.0
232,1.0
233,1.0
234,1.0
237,1.0
238,1.0
242,1.0
244,1.0
247,1.0
248,1.0
250,1.0
254,1.0
257,1.0
259,1.0
260,1.0
261,1.0
262,1.0
270,1.0
273,1.0
274,1.0
277,1.0
279,1.0
283,1.0
284,1.0
286,1.0
289,1.0
294,1.0
296,1.0
297,1.0
299,1.0
302,1.0
303,1.0
304,1.0
307,1.0
309,1.0
313,1.0
314,1.0
315,1.0
317,1.0
318,1.0
319,1.0
321,1.0
322,1.0
324,1.0
325,1.0
326,1.0
329,1.0
330,1.0
332,1.0
334,1.0
335,1.0
339,1.0
342,1.0
345,1.0
347,1.0
348,1.0
355,1.0
356,1.0
360,1.0
361,1.0
362,1.0
364,1.0
370,1.0
371,1.0
372,1.0
373,1.0
376,1.0
380,1.0
381,1.0
382,1.0
384,1.0
385,1.0
386,1.0
387,1.0
395,1.0
396,1.0
401,1.0
403,1.0
407,1.0
408,1.0
409,1.0
411,1.0
412,1.0
414,1.0
415,1.0
416,1.0
418,1.0
421,1.0
423,1.0
424,1.0
428,1.0
434,1.0
437,1.0
438,1.0
439,1.0
441,1.0
443,1.0
447,1.0
448,1.0
450,1.0
451,1.0
452,1.0
457,1.0
460,1.0
465,1.0
474,1.0
477,1.0
482,1.0
485,1.0
488,1.0
489,1.0
492,1.0
494,1.0
501,1.0
507,1.0
508,1.0
509,1.0
514,1.0
518,1.0
522,1.0
530,1.0
534,1.0
535,1.0
538,1.0
541,1.0
542,1.0
545,1.0
548,1.0
549,1.0
551,1.0
553,1.0
558,1.0
563,1.0
564,1.0
566,1.0
570,1.0
574,1.0
575,1.0
576,1.0
578,1.0
579,1.0
583,1.0
585,1.0
591,1.0
593,1.0
599,1.0
601,1.0
602,1.0
603,1.0
604,1.0
609,1.0
613,1.0
615,1.0
623,1.0
637,1.0
638,1.0
639,1.0
640,1.0
645,1.0
646,1.0
647,1.0
651,1.0
655,1.0
657,1.0
662,1.0
663,1.0
664,1.0
665,1.0
667,1.0
672,1.0
673,1.0
676,1.0
677,1.0
679,1.0
682,1.0
687,1.0
693,1.0
694,1.0
696,1.0
698,1.0
700,1.0
703,1.0
709,1.0
711,1.0
713,1.0
715,1.0
725,1.0
728,1.0
730,1.0
731,1.0
736,1.0
738,1.0
741,1.0
742,1.0
743,1.0
744,1.0
745,1.0
746,1.0
748,1.0
751,1.0
753,1.0
762,1.0
763,1.0
764,1.0
765,1.0
768,1.0
772,1.0
773,1.0
778,1.0
781,1.0
783,1.0
784,1.0
786,1.0
787,1.0
788,1.0
790,1.0
793,1.0
794,1.0
796,1.0
798,1.0
801,1.0
802,1.0
803,1.0
808,1.0
810,1.0
811,1.0
812,1.0
813,1.0
814,1.0
817,1.0
818,1.0
820,1.0
821,1.0
823,1.0
824,1.0
828,1.0
832,1.0
833,1.0
834,1.0
838,1.0
840,1.0
841,1.0
843,1.0
846,1.0
847,1.0
849,1.0
856,1.0
857,1.0
860,1.0
863,1.0
864,1.0
867,1.0
870,1.0
871,1.0
874,1.0
877,1.0
879,1.0
881,1.0
885,1.0
886,1.0
888,1.0
889,1.0
892,1.0
895,1.0
896,1.0
897,1.0
898,1.0
899,1.0
903,1.0
906,1.0
907,1.0
908,1.0
909,1.0
910,1.0
913,1.0
919,1.0
921,1.0
923,1.0
924,1.0
925,1.0
927,1.0
933,1.0
934,1.0
937,1.0
940,1.0
944,1.0
946,1.0
952,1.0
955,1.0
956,1.0
958,1.0
959,1.0
960,1.0
962,1.0
963,1.0
965,1.0
968,1.0
972,1.0
973,1.0
975,1.0
977,1.0
978,1.0
980,1.0
985,1.0
987,1.0
990,1.0
994,1.0
995,1.0
997,1.0
998,1.0
1003,1.0
1004,1.0
1005,1.0
1008,1.0
1012,1.0
1014,1.0
1015,1.0
1023,1.0
1026,1.0
1027,1.0
1028,1.0
1029,1.0
1033,1.0
1038,1.0
1040,1.0
1041,1.0
1047,1.0
1049,1.0
1052,1.0
1056,1.0
1058,1.0
1059,1.0
1060,1.0
1063,1.0
1064,1.0
1067,1.0
1068,1.0
1069,1.0
1070,1.0
1071,1.0
1076,1.0
1082,1.0
1086,1.0
1088,1.0
1089,1.0
1091,1.0
1094,1.0
1100,1.0
1103,1.0
1106,1.0
1110,1.0
1111,1.0
1114,1.0
1115,1.0
1116,1.0
1119,1.0
1122,1.0
1123,1.0
1129,1.0
1130,1.0
1131,1.0
1132,1.0
1135,1.0
1136,1.0
1142,1.0
1145,1.0
1147,1.0
1148,1.0
1149,1.0
1150,1.0
1151,1.0
1152,1.0
1154,1.0
1155,1.0
1162,1.0
1163,1.0
1166,1.0
1169,1.0
1173,1.0
1174,1.0
1176,1.0
1177,1.0
1185,1.0
1186,1.0
1187,1.0
1191,1.0
1192,1.0
1193,1.0
1194,1.0
1198,1.0
1200,1.0
1202,1.0
1206,1.0
1207,1.0
1209,1.0
1210,1.0
1211,1.0
1215,1.0
1218,1.0
1226,1.0
1230,1.0
1234,1.0
1235,1.0
1236,1.0
1239,1.0
1241,1.0
1242,1.0
1247,1.0
1249,1.0
1250,1.0
1251,1.0
1252,1.0
1255,1.0
1259,1.0
1262,1.0
1263,1.0
1267,1.0
1269,1.0
1270,1.0
1272,1.0
1273,1.0
1276,1.0
1278,1.0
1280,1.0
1281,1.0
1284,1.0
1289,1.0
1294,1.0
1296,1.0
1300,1.0
1303,1.0
1305,1.0
1306,1.0
1311,1.0
1312,1.0
1315,1.0
1317,1.0
1321,1.0
1322,1.0
1326,1.0
1328,1.0
1329,1.0
1330,1.0
1333,1.0
1334,1.0
1336,1.0
1337,1.0
1343,1.0
1345,1.0
1347,1.0
1350,1.0
1351,1.0
1352,1.0
1353,1.0
1354,1.0
1355,1.0
1359,1.0
1360,1.0
1361,1.0
1365,1.0
1367,1.0
1369,1.0
1371,1.0
1372,1.0
1374,1.0
1375,1.0
1379,1.0
1383,1.0
1386,1.0
1388,1.0
1389,1.0
1390,1.0
1392,1.0
1393,1.0
1395,1.0
1397,1.0
1400,1.0
1408,1.0
1410,1.0
1413,1.0
1415,1.0
1418,1.0
1419,1.0
1421,1.0
1424,1.0
1425,1.0
1427,1.0
1432,1.0
1435,1.0
1436,1.0
1439,1.0
1442,1.0
1443,1.0
1448,1.0
1453,1.0
1457,1.0
1459,1.0
1460,1.0
1462,1.0
1463,1.0
1464,1.0
1467,1.0
1468,1.0
1470,1.0
1475,1.0
1480,1.0
1483,1.0
1485,1.0
1486,1.0
1494,1.0
1502,1.0
1503,1.0
1509,1.0
1510,1.0
1512,1.0
1513,1.0
1516,1.0
1517,1.0
1518,1.0
1519,1.0
1520,1.0
1521,1.0
1522,1.0
1523,1.0
1524,1.0
1530,1.0
1531,1.0
1533,1.0
1536,1.0
1539,1.0
1543,1.0
1544,1.0
1545,1.0
1546,1.0
1553,1.0
1555,1.0
1557,1.0
1561,1.0
1564,1.0
1566,1.0
1568,1.0
1576,1.0
1577,1.0
1578,1.0
1579,1.0
1580,1.0
1582,1.0
1583,1.0
1584,1.0
1586,1.0
1588,1.0
1589,1.0
1591,1.0
1594,1.0
1595,1.0
1598,1.0
1599,1.0
1600,1.0
1601,1.0
1603,1.0
1605,1.0
1610,1.0
1614,1.0
1615,1.0
1616,1.0
1618,1.0
1619,1.0
1621,1.0
1622,1.0
1626,1.0
1628,1.0
1629,1.0
1631,1.0
1632,1.0
1633,1.0
1637,1.0
1641,1.0
1643,1.0
1644,1.0
1648,1.0
1650,1.0
1651,1.0
1653,1.0
1659,1.0
1660,1.0
1661,1.0
1662,1.0
1663,1.0
1665,1.0
1668,1.0
1670,1.0
1672,1.0
1674,1.0
1677,1.0
1679,1.0
1682,1.0
1690,1.0
1695,1.0
1696,1.0
1697,1.0
1699,1.0
1702,1.0
1703,1.0
1704,1.0
1705,1.0
1713,1.0
1715,1.0
1716,1.0
1718,1.0
1721,1.0
1722,1.0
1723,1.0
1726,1.0
1727,1.0
1730,1.0
1732,1.0
1733,1.0
1734,1.0
1736,1.0
1738,1.0
1739,1.0
1746,1.0
1747,1.0
1748,1.0
1750,1.0
1752,1.0
1755,1.0
1757,1.0
1759,1.0
1760,1.0
1761,1.0
1764,1.0
1766,1.0
1768,1.0
1779,1.0
1781,1.0
1784,1.0
1786,1.0
1789,1.0
1790,1.0
1792,1.0
1793,1.0
1795,1.0
1797,1.0
1802,1.0
1803,1.0
1804,1.0
1806,1.0
1810,1.0
1812,1.0
1813,1.0
1815,1.0
1823,1.0
1825,1.0
1828,1.0
1829,1.0
1831,1.0
1832,1.0
1833,1.0
1835,1.0
1838,1.0
1839,1.0
1841,1.0
1845,1.0
1847,1.0
1848,1.0
1850,1.0
1856,1.0
1874,1.0
1877,1.0
1879,1.0
1880,1.0
1883,1.0
1884,1.0
1889,1.0
1890,1.0
1891,1.0
1895,1.0
1897,1.0
1901,1.0
1902,1.0
1903,1.0
1904,1.0
1915,1.0
1916,1.0
1917,1.0
1918,1.0
1919,1.0
1921,1.0
1926,1.0
1927,1.0
1928,1.0
1929,1.0
1931,1.0
1932,1.0
1934,1.0
1935,1.0
1937,1.0
1938,1.0
1940,1.0
1943,1.0
1947,1.0
1950,1.0
1951,1.0
1952,1.0
1953,1.0
1956,1.0
1962,1.0
1963,1.0
1965,1.0
1970,1.0
1971,1.0
1973,1.0
1974,1.0
1979,1.0
1981,1.0
1982,1.0
1984,1.0
1985,1.0
1988,1.0
1990,1.0
1993,1.0
1996,1.0
1998,1.0
2000,1.0
2002,1.0
2003,1.0
2006,1.0
2007,1.0
2008,1.0
2011,1.0
2014,1.0
2018,1.0
2021,1.0
2023,1.0
2024,1.0
2026,1.0
2027,1.0
2028,1.0
2029,1.0
2034,1.0
2035,1.0
2038,1.0
2039,1.0
2040,1.0
2044,1.0
2045,1.0
2046,1.0
2054,1.0
2055,1.0
2057,1.0
2058,1.0
2059,1.0
2060,1.0
2061,1.0
2062,1.0
2064,1.0
2065,1.0
2067,1.0
2074,1.0
2076,1.0
2077,1.0
2078,1.0
2082,1.0
2083,1.0
2084,1.0
2085,1.0
2086,1.0
2088,1.0
2089,1.0
2091,1.0
2092,1.0
2096,1.0
2098,1.0
2103,1.0
2104,1.0
2106,1.0
2107,1.0
2109,1.0
2114,1.0
2116,1.0
2122,1.0
2123,1.0
2125,1.0
2129,1.0
2131,1.0
2134,1.0
2136,1.0
2140,1.0
2146,1.0
2148,1.0
2151,1.0
2156,1.0
2158,1.0
2159,1.0
2160,1.0
2162,1.0
2166,1.0
2167,1.0
2169,1.0
2173,1.0
2175,1.0
2176,1.0
2178,1.0
2181,1.0
2184,1.0
2187,1.0
2188,1.0
2194,1.0
2201,1.0
2205,1.0
2206,1.0
2208,1.0
2210,1.0
2211,1.0
2212,1.0
2218,1.0
2219,1.0
2220,1.0
2222,1.0
2223,1.0
2227,1.0
2229,1.0
2234,1.0
2236,1.0
2237,1.0
2240,1.0
2241,1.0
2244,1.0
2250,1.0
2251,1.0
2254,1.0
2255,1.0
2256,1.0
2258,1.0
2261,1.0
2262,1.0
2263,1.0
2265,1.0
2270,1.0
2275,1.0
2279,1.0
2281,1.0
2285,1.0
2287,1.0
2290,1.0
2292,1.0
2295,1.0
2298,1.0
2305,1.0
2306,1.0
2307,1.0
2308,1.0
2309,1.0
2310,1.0
2311,1.0
2312,1.0
2314,1.0
2315,1.0
2316,1.0
2318,1.0
2322,1.0
2323,1.0
2325,1.0
2327,1.0
2330,1.0
2332,1.0
2334,1.0
2337,1.0
2338,1.0
2339,1.0
2341,1.0
2343,1.0
2346,1.0
2349,1.0
2350,1.0
2351,1.0
2353,1.0
2357,1.0
2358,1.0
2360,1.0
2362,1.0
2363,1.0
2366,1.0
2368,1.0
2369,1.0
2374,1.0
2375,1.0
2384,1.0
2387,1.0
2389,1.0
2392,1.0
2395,1.0
2398,1.0
2400,1.0
2403,1.0
2405,1.0
2406,1.0
2407,1.0
2409,1.0
2412,1.0
2416,1.0
2423,1.0
2425,1.0
2427,1.0
2431,1.0
2433,1.0
2435,1.0
2437,1.0
2438,1.0
2439,1.0
2444,1.0
2447,1.0
2451,1.0
2456,1.0
2461,1.0
2462,1.0
2463,1.0
2465,1.0
2466,1.0
2467,1.0
2468,1.0
2469,1.0
2471,1.0
2474,1.0
2479,1.0
2488,1.0
2490,1.0
2493,1.0
2498,1.0
2500,1.0
2505,1.0
2509,1.0
2512,1.0
2514,1.0
2515,1.0
2518,1.0
2524,1.0
2525,1.0
2527,1.0
2530,1.0
2531,1.0
2533,1.0
2537,1.0
2539,1.0
2540,1.0
2542,1.0
2545,1.0
2550,1.0
2552,1.0
2554,1.0
2558,1.0
2562,1.0
2567,1.0
2568,1.0
2574,1.0
2575,1.0
2579,1.0
2580,1.0
2582,1.0
2584,1.0
2588,1.0
2599,1.0
2600,1.0
2601,1.0
2602,1.0
2603,1.0
2604,1.0
2605,1.0
2607,1.0
2608,1.0
2610,1.0
2611,1.0
2613,1.0
2617,1.0
2618,1.0
2620,1.0
2627,1.0
2628,1.0
2630,1.0
2637,1.0
2638,1.0
2643,1.0
2646,1.0
2649,1.0
2651,1.0
2652,1.0
2654,1.0
2656,1.0
2657,1.0
2658,1.0
2661,1.0
2662,1.0
2664,1.0
2666,1.0
2667,1.0
2668,1.0
2669,1.0
2670,1.0
2672,1.0
2673,1.0
2674,1.0
2675,1.0
2678,1.0
2680,1.0
2682,1.0
2683,1.0
2685,1.0
2686,1.0
2691,1.0
2692,1.0
2696,1.0
2697,1.0
2698,1.0
2705,1.0
2707,1.0
2709,1.0
2713,1.0
2715,1.0
2718,1.0
2719,1.0
2720,1.0
2725,1.0
2728,1.0
2730,1.0
2735,1.0
2738,1.0
2739,1.0
2743,1.0
2745,1.0
2746,1.0
2747,1.0
2750,1.0
2751,1.0
2756,1.0
2757,1.0
2758,1.0
2760,1.0
2761,1.0
2762,1.0
2763,1.0
2764,1.0
2767,1.0
2768,1.0
2770,1.0
2771,1.0
2772,1.0
2774,1.0
2775,1.0
2780,1.0
2781,1.0
2782,1.0
2784,1.0
2789,1.0
2790,1.0
2793,1.0
2795,1.0
2799,1.0
2805,1.0
2808,1.0
2810,1.0
2816,1.0
2822,1.0
2824,1.0
2831,1.0
2837,1.0
2838,1.0
2842,1.0
2843,1.0
2851,1.0
2853,1.0
2855,1.0
2856,1.0
2858,1.0
2862,1.0
2863,1.0
2864,1.0
2867,1.0
2869,1.0
2870,1.0
2872,1.0
2874,1.0
2877,1.0
2879,1.0
2883,1.0
2884,1.0
2886,1.0
2888,1.0
2894,1.0
2895,1.0
2896,1.0
2898,1.0
2910,1.0
2911,1.0
2913,1.0
2915,1.0
2920,1.0
2924,1.0
2926,1.0
2928,1.0
2929,1.0
2930,1.0
2933,1.0
2938,1.0
2939,1.0
2940,1.0
2949,1.0
2951,1.0
2953,1.0
2954,1.0
2956,1.0
2958,1.0
2960,1.0
2961,1.0
2962,1.0
2963,1.0
2964,1.0
2965,1.0
2969,1.0
2970,1.0
2971,1.0
2978,1.0
2980,1.0
2983,1.0
2985,1.0
2988,1.0
2991,1.0
2999,1.0
3003,1.0
3006,1.0
3008,1.0
3010,1.0
3011,1.0
3012,1.0
3017,1.0
3019,1.0
3021,1.0
3022,1.0
3025,1.0
3026,1.0
3029,1.0
3033,1.0
3034,1.0
3037,1.0
3038,1.0
3039,1.0
3041,1.0
3045,1.0
3047,1.0
3049,1.0
3051,1.0
3052,1.0
3055,1.0
3062,1.0
3063,1.0
3065,1.0
3066,1.0
3067,1.0
3069,1.0
3071,1.0
3074,1.0
3075,1.0
3076,1.0
3077,1.0
3080,1.0
3081,1.0
3084,1.0
3085,1.0
3087,1.0
3088,1.0
3090,1.0
3093,1.0
3098,1.0
3103,1.0
3104,1.0
3105,1.0
3106,1.0
3107,1.0
3108,1.0
3111,1.0
3112,1.0
3114,1.0
3115,1.0
3118,1.0
3121,1.0
3123,1.0
3130,1.0
3133,1.0
3135,1.0
3137,1.0
3139,1.0
3140,1.0
3145,1.0
3150,1.0
3151,1.0
3154,1.0
3155,1.0
3157,1.0
3162,1.0
3163,1.0
3164,1.0
3166,1.0
3170,1.0
3173,1.0
3174,1.0
3178,1.0
3179,1.0
3180,1.0
3182,1.0
3184,1.0
3191,1.0
3192,1.0
3195,1.0
3197,1.0
3199,1.0
3203,1.0
3205,1.0
3206,1.0
3214,1.0
3221,1.0
3224,1.0
3226,1.0
3227,1.0
3228,1.0
3229,1.0
3233,1.0
3235,1.0
3238,1.0
3240,1.0
3241,1.0
3242,1.0
3245,1.0
3247,1.0
3248,1.0
3250,1.0
3251,1.0
3252,1.0
3253,1.0
3254,1.0
3256,1.0
3258,1.0
3264,1.0
3267,1.0
3268,1.0
3269,1.0
3273,1.0
3276,1.0
3278,1.0
3281,1.0
3284,1.0
3292,1.0
3293,1.0
3294,1.0
3295,1.0
3298,1.0
3299,1.0
3302,1.0
3303,1.0
3305,1.0
3306,1.0
3307,1.0
3311,1.0
3313,1.0
3314,1.0
3316,1.0
3318,1.0
3319,1.0
3320,1.0
3324,1.0
3325,1.0
3326,1.0
3329,1.0
3330,1.0
3333,1.0
3335,1.0
3336,1.0
3337,1.0
3340,1.0
3342,1.0
3347,1.0
3350,1.0
3354,1.0
3358,1.0
3360,1.0
3364,1.0
3365,1.0
3366,1.0
3371,1.0
3372,1.0
3374,1.0
3376,1.0
3379,1.0
3381,1.0
3383,1.0
3384,1.0
3385,1.0
3386,1.0
3391,1.0
3392,1.0
3397,1.0
3398,1.0
3399,1.0
3400,1.0
3406,1.0
3407,1.0
3408,1.0
3409,1.0
3410,1.0
3412,1.0
3420,1.0
3423,1.0
3428,1.0
3433,1.0
3434,1.0
3435,1.0
3438,1.0
3439,1.0
3440,1.0
3443,1.0
3444,1.0
3447,1.0
3449,1.0
3450,1.0
3455,1.0
3459,1.0
3460,1.0
3463,1.0
3466,1.0
3467,1.0
3471,1.0
3477,1.0
3480,1.0
3484,1.0
3486,1.0
3492,1.0
3495,1.0
3496,1.0
3498,1.0
3503,1.0
3505,1.0
3506,1.0
3510,1.0
3514,1.0
3517,1.0
3518,1.0
3519,1.0
3525,1.0
3526,1.0
3531,1.0
3533,1.0
3535,1.0
3536,1.0
3537,1.0
3542,1.0
3548,1.0
3549,1.0
3550,1.0
3552,1.0
3553,1.0
3554,1.0
3559,1.0
3570,1.0
3571,1.0
3573,1.0
3581,1.0
3583,1.0
3585,1.0
3586,1.0
3587,1.0
3588,1.0
3595,1.0
3597,1.0
3598,1.0
3603,1.0
3604,1.0
3607,1.0
3608,1.0
3610,1.0
3613,1.0
3615,1.0
3618,1.0
3620,1.0
3622,1.0
3625,1.0
3626,1.0
3627,1.0
3635,1.0
3636,1.0
3637,1.0
3638,1.0
3639,1.0
3642,1.0
3643,1.0
3652,1.0
3653,1.0
3655,1.0
3657,1.0
3658,1.0
3667,1.0
3669,1.0
3670,1.0
3672,1.0
3674,1.0
3676,1.0
3679,1.0
3681,1.0
3685,1.0
3687,1.0
3688,1.0
3693,1.0
3694,1.0
3695,1.0
3698,1.0
3699,1.0
3701,1.0
3702,1.0
3705,1.0
3708,1.0
3710,1.0
3712,1.0
3714,1.0
3716,1.0
3719,1.0
3724,1.0
3726,1.0
3728,1.0
3729,1.0
3730,1.0
3731,1.0
3733,1.0
3734,1.0
3736,1.0
3737,1.0
3741,1.0
3742,1.0
3743,1.0
3750,1.0
3751,1.0
3756,1.0
3757,1.0
3759,1.0
3763,1.0
3766,1.0
3768,1.0
3769,1.0
3771,1.0
3774,1.0
3775,1.0
3776,1.0
3777,1.0
3779,1.0
3782,1.0
3783,1.0
3784,1.0
3785,1.0
3787,1.0
3789,1.0
3790,1.0
3791,1.0
3794,1.0
3796,1.0
3799,1.0
3800,1.0
3804,1.0
3807,1.0
3810,1.0
3815,1.0
3816,1.0
3817,1.0
3820,1.0
3825,1.0
3826,1.0
3827,1.0
3828,1.0
3829,1.0
3830,1.0
3831,1.0
3833,1.0
3836,1.0
3839,1.0
3841,1.0
3845,1.0
3847,1.0
3849,1.0
3851,1.0
3853,1.0
3862,1.0
3869,1.0
3872,1.0
3873,1.0
3879,1.0
3886,1.0
3887,1.0
3890,1.0
3893,1.0
3894,1.0
3895,1.0
3897,1.0
3899,1.0
3900,1.0
3903,1.0
3904,1.0
3909,1.0
3911,1.0
3913,1.0
3918,1.0
3921,1.0
3923,1.0
3925,1.0
3926,1.0
3927,1.0
3928,1.0
3929,1.0
3930,1.0
3932,1.0
3933,1.0
3935,1.0
3936,1.0
3937,1.0
3938,1.0
3940,1.0
3941,1.0
3949,1.0
3950,1.0
3955,1.0
3958,1.0
3961,1.0
3967,1.0
3968,1.0
3979,1.0
3983,1.0
3984,1.0
3985,1.0
4000,1.0
4006,1.0
4008,1.0
4013,1.0
4014,1.0
4015,1.0
4016,1.0
4017,1.0
4023,1.0
4030,1.0
4032,1.0
4033,1.0
4037,1.0
4038,1.0
4043,1.0
4049,1.0
4051,1.0
4056,1.0
4059,1.0
4063,1.0
4064,1.0
4065,1.0
4066,1.0
4071,1.0
4073,1.0
4075,1.0
4076,1.0
4079,1.0
4081,1.0
4094,1.0
4096,1.0
4099,1.0
4102,1.0
4103,1.0
4104,1.0
4106,1.0
4107,1.0
4110,1.0
4112,1.0
4118,1.0
4121,1.0
4128,1.0
4132,1.0
4133,1.0
4134,1.0
4137,1.0
4139,1.0
4140,1.0
4143,1.0
4145,1.0
4147,1.0
4148,1.0
4150,1.0
4151,1.0
4153,1.0
4154,1.0
4155,1.0
4159,1.0
4162,1.0
4165,1.0
4166,1.0
4167,1.0
4169,1.0
4170,1.0
4172,1.0
4173,1.0
4174,1.0
4176,1.0
4177,1.0
4179,1.0
4186,1.0
4187,1.0
4188,1.0
4191,1.0
4195,1.0
4197,1.0
4199,1.0
4200,1.0
4201,1.0
4206,1.0
4209,1.0
4210,1.0
4212,1.0
4214,1.0
4216,1.0
4217,1.0
4219,1.0
4220,1.0
4222,1.0
4224,1.0
4226,1.0
4227,1.0
4228,1.0
4232,1.0
4251,1.0
4255,1.0
4258,1.0
4263,1.0
4266,1.0
4267,1.0
4268,1.0
4270,1.0
4271,1.0
4273,1.0
4274,1.0
4276,1.0
4278,1.0
4280,1.0
4284,1.0
4289,1.0
4290,1.0
4293,1.0
4294,1.0
4295,1.0
4306,1.0
4309,1.0
4312,1.0
4317,1.0
4318,1.0
4319,1.0
4324,1.0
4325,1.0
4326,1.0
4330,1.0
4332,1.0
4334,1.0
4336,1.0
4342,1.0
4343,1.0
4344,1.0
4348,1.0
4349,1.0
4353,1.0
4354,1.0
4355,1.0
4357,1.0
4358,1.0
4361,1.0
4364,1.0
4366,1.0
4368,1.0
4369,1.0
4370,1.0
4371,1.0
4376,1.0
4377,1.0
4378,1.0
4381,1.0
4382,1.0
4383,1.0
4388,1.0
4389,1.0
4392,1.0
4396,1.0
4397,1.0
4399,1.0
4401,1.0
4402,1.0
4403,1.0
4404,1.0
4408,1.0
4409,1.0
4410,1.0
4415,1.0
4416,1.0
4420,1.0
4421,1.0
4422,1.0
4426,1.0
4430,1.0
4432,1.0
4434,1.0
4439,1.0
4442,1.0
4443,1.0
4444,1.0
4445,1.0
4447,1.0
4448,1.0
4453,1.0
4454,1.0
4457,1.0
4462,1.0
4464,1.0
4467,1.0
4468,1.0
4469,1.0
4473,1.0
4474,1.0
4475,1.0
4476,1.0
4479,1.0
4482,1.0
4483,1.0
4484,1.0
4486,1.0
4488,1.0
4489,1.0
4492,1.0
4494,1.0
4505,1.0
4507,1.0
4510,1.0
4511,1.0
4512,1.0
4516,1.0
4518,1.0
4521,1.0
4522,1.0
4523,1.0
4526,1.0
4528,1.0
4530,1.0
4531,1.0
4535,1.0
4537,1.0
4538,1.0
4539,1.0
4541,1.0
4545,1.0
4546,1.0
4549,1.0
4556,1.0
4558,1.0
4562,1.0
4567,1.0
4568,1.0
4570,1.0
4572,1.0
4574,1.0
4576,1.0
4579,1.0
4580,1.0
4582,1.0
4586,1.0
4588,1.0
4590,1.0
4593,1.0
4595,1.0
4598,1.0
4602,1.0
4605,1.0
4610,1.0
4613,1.0
4614,1.0
4629,1.0
4630,1.0
4633,1.0
4638,1.0
4639,1.0
4642,1.0
4644,1.0
4647,1.0
4649,1.0
4650,1.0
4653,1.0
4656,1.0
4659,1.0
4662,1.0
4663,1.0
4664,1.0
4665,1.0
4667,1.0
4676,1.0
4677,1.0
4678,1.0
4681,1.0
4684,1.0
4688,1.0
4689,1.0
4690,1.0
4691,1.0
4696,1.0
4697,1.0
4698,1.0
4699,1.0
4700,1.0
4701,1.0
4702,1.0
4703,1.0
4704,1.0
4706,1.0
4708,1.0
4717,1.0
4721,1.0
4727,1.0
4734,1.0
4736,1.0
4737,1.0
4738,1.0
4740,1.0
4747,1.0
4749,1.0
4753,1.0
4756,1.0
4762,1.0
4766,1.0
4772,1.0
4775,1.0
4776,1.0
4778,1.0
4782,1.0
4785,1.0
4787,1.0
4790,1.0
4795,1.0
4799,1.0
4801,1.0
4806,1.0
4809,1.0
4812,1.0
4818,1.0
4824,1.0
4825,1.0
4827,1.0
4832,1.0
4835,1.0
4836,1.0
4838,1.0
4839,1.0
4841,1.0
4842,1.0
4845,1.0
4846,1.0
4848,1.0
4849,1.0
4853,1.0
4857,1.0
4859,1.0
4870,1.0
4872,1.0
4876,1.0
4877,1.0
4880,1.0
4881,1.0
4890,1.0
4896,1.0
4897,1.0
4900,1.0
4904,1.0
4906,1.0
4907,1.0
4908,1.0
4912,1.0
4914,1.0
4918,1.0
4919,1.0
4920,1.0
4922,1.0
4924,1.0
4927,1.0
4928,1.0
4929,1.0
4930,1.0
4936,1.0
4939,1.0
4942,1.0
4944,1.0
4945,1.0
4949,1.0
4957,1.0
4959,1.0
4960,1.0
4961,1.0
4965,1.0
4966,1.0
4973,1.0
4978,1.0
4979,1.0
4985,1.0
4989,1.0
4991,1.0
4994,1.0
4996,1.0
4999,1.0
5000,1.0
5002,1.0
5003,1.0
5004,1.0
5006,1.0
5010,1.0
5011,1.0
5013,1.0
5015,1.0
5019,1.0
5023,1.0
5026,1.0
5030,1.0
5031,1.0
5032,1.0
5033,1.0
5034,1.0
5036,1.0
5041,1.0
5046,1.0
5049,1.0
5051,1.0
5053,1.0
5055,1.0
5056,1.0
5058,1.0
5060,1.0
5063,1.0
5066,1.0
5067,1.0
5072,1.0
5074,1.0
5075,1.0
5076,1.0
5077,1.0
5078,1.0
5079,1.0
5080,1.0
5084,1.0
5090,1.0
5091,1.0
5097,1.0
5101,1.0
5103,1.0
5105,1.0
5110,1.0
5111,1.0
5116,1.0
5119,1.0
5120,1.0
5122,1.0
5124,1.0
5126,1.0
5127,1.0
5129,1.0
5134,1.0
5135,1.0
5139,1.0
5142,1.0
5143,1.0
5144,1.0
5145,1.0
5147,1.0
5149,1.0
5152,1.0
5153,1.0
5154,1.0
5156,1.0
5158,1.0
5161,1.0
5163,1.0
5164,1.0
5165,1.0
5169,1.0
5171,1.0
5174,1.0
5176,1.0
5177,1.0
5178,1.0
5180,1.0
5190,1.0
5195,1.0
5198,1.0
5209,1.0
5211,1.0
5212,1.0
5213,1.0
5216,1.0
5220,1.0
5221,1.0
5224,1.0
5226,1.0
5227,1.0
5232,1.0
5235,1.0
5240,1.0
5242,1.0
5244,1.0
5246,1.0
5248,1.0
5251,1.0
5256,1.0
5257,1.0
5258,1.0
5259,1.0
5260,1.0
5262,1.0
5263,1.0
5264,1.0
5265,1.0
5266,1.0
5268,1.0
5271,1.0
5272,1.0
5273,1.0
5278,1.0
5280,1.0
5282,1.0
5283,1.0
5285,1.0
5288,1.0
5289,1.0
5300,1.0
5301,1.0
5304,1.0
5305,1.0
5308,1.0
5312,1.0
5315,1.0
5316,1.0
5318,1.0
5320,1.0
5321,1.0
5322,1.0
5323,1.0
5325,1.0
5328,1.0
5329,1.0
5330,1.0
5338,1.0
5342,1.0
5344,1.0
5348,1.0
5349,1.0
5350,1.0
5352,1.0
5354,1.0
5356,1.0
5358,1.0
5360,1.0
5361,1.0
5363,1.0
5367,1.0
5368,1.0
5369,1.0
5370,1.0
5373,1.0
5375,1.0
5376,1.0
5377,1.0
5378,1.0
5381,1.0
5385,1.0
5389,1.0
5391,1.0
5393,1.0
5394,1.0
5396,1.0
5402,1.0
5403,1.0
5408,1.0
5410,1.0
5411,1.0
5412,1.0
5414,1.0
5416,1.0
5420,1.0
5422,1.0
5423,1.0
5425,1.0
5426,1.0
5428,1.0
5432,1.0
5433,1.0
5435,1.0
5436,1.0
5439,1.0
5442,1.0
5443,1.0
5444,1.0
5446,1.0
5449,1.0
5450,1.0
5453,1.0
5454,1.0
5456,1.0
5460,1.0
5466,1.0
5467,1.0
5475,1.0
5476,1.0
5479,1.0
5481,1.0
5485,1.0
5486,1.0
5489,1.0
5491,1.0
5492,1.0
5493,1.0
5494,1.0
5500,1.0
5505,1.0
5508,1.0
5509,1.0
5510,1.0
5512,1.0
5513,1.0
5514,1.0
5515,1.0
5516,1.0
5517,1.0
5520,1.0
5522,1.0
5527,1.0
5528,1.0
5532,1.0
5534,1.0
5535,1.0
5537,1.0
5539,1.0
5545,1.0
5546,1.0
5547,1.0
5548,1.0
5550,1.0
5552,1.0
5553,1.0
5555,1.0
5558,1.0
5560,1.0
5561,1.0
5562,1.0
5563,1.0
5565,1.0
5566,1.0
5568,1.0
5574,1.0
5576,1.0
5577,1.0
5585,1.0
5586,1.0
5593,1.0
5598,1.0
5599,1.0
5603,1.0
5604,1.0
5605,1.0
5606,1.0
5616,1.0
5619,1.0
5623,1.0
5625,1.0
5626,1.0
5627,1.0
5637,1.0
5643,1.0
5644,1.0
5646,1.0
5650,1.0
5651,1.0
5654,1.0
5655,1.0
5660,1.0
5661,1.0
5662,1.0
5664,1.0
5667,1.0
5668,1.0
5669,1.0
5670,1.0
5673,1.0
5674,1.0
5676,1.0
5677,1.0
5678,1.0
5692,1.0
5693,1.0
5694,1.0
5698,1.0
5700,1.0
5702,1.0
5706,1.0
5709,1.0
5711,1.0
5713,1.0
5715,1.0
5718,1.0
5719,1.0
5720,1.0
5722,1.0
5724,1.0
5732,1.0
5734,1.0
5739,1.0
5744,1.0
5747,1.0
5750,1.0
5752,1.0
5754,1.0
5755,1.0
5757,1.0
5765,1.0
5769,1.0
5771,1.0
5772,1.0
5773,1.0
5779,1.0
5781,1.0
5783,1.0
5784,1.0
5785,1.0
5786,1.0
5791,1.0
5794,1.0
5798,1.0
5800,1.0
5803,1.0
5804,1.0
5808,1.0
5810,1.0
5812,1.0
5813,1.0
5815,1.0
5818,1.0
5823,1.0
5826,1.0
5830,1.0
5831,1.0
5835,1.0
5836,1.0
5837,1.0
5838,1.0
5841,1.0
5845,1.0
5849,1.0
5852,1.0
5854,1.0
5856,1.0
5857,1.0
5859,1.0
5862,1.0
5863,1.0
5864,1.0
5866,1.0
5870,1.0
5874,1.0
5880,1.0
5883,1.0
5884,1.0
5885,1.0
5886,1.0
5887,1.0
5888,1.0
5889,1.0
5891,1.0
5892,1.0
5894,1.0
5897,1.0
5898,1.0
5904,1.0
5906,1.0
5909,1.0
5910,1.0
5911,1.0
5912,1.0
5913,1.0
5914,1.0
5920,1.0
5921,1.0
5923,1.0
5927,1.0
5930,1.0
5934,1.0
5937,1.0
5938,1.0
5947,1.0
5948,1.0
5951,1.0
5952,1.0
5954,1.0
5960,1.0
5961,1.0
5962,1.0
5963,1.0
5964,1.0
5967,1.0
5970,1.0
5971,1.0
5973,1.0
5976,1.0
5977,1.0
5978,1.0
5979,1.0
5981,1.0
5983,1.0
5990,1.0
5991,1.0
5998,1.0
5999,1.0
6000,1.0
6005,1.0
6011,1.0
6015,1.0
6016,1.0
6018,1.0
6021,1.0
6024,1.0
6035,1.0
6036,1.0
6043,1.0
6044,1.0
6046,1.0
6049,1.0
6050,1.0
6051,1.0
6052,1.0
6056,1.0
6057,1.0
6059,1.0
6077,1.0
6078,1.0
6079,1.0
6085,1.0
6088,1.0
6089,1.0
6097,1.0
6102,1.0
6103,1.0
6107,1.0
6113,1.0
6117,1.0
6121,1.0
6123,1.0
6127,1.0
6129,1.0
6137,1.0
6138,1.0
6141,1.0
6145,1.0
6147,1.0
6148,1.0
6150,1.0
6151,1.0
6152,1.0
6153,1.0
6156,1.0
6157,1.0
6162,1.0
6163,1.0
6167,1.0
6172,1.0
6177,1.0
6181,1.0
6182,1.0
6190,1.0
6196,1.0
6197,1.0
6201,1.0
6205,1.0
6207,1.0
6209,1.0
6211,1.0
6212,1.0
6213,1.0
6214,1.0
6217,1.0
6218,1.0
6228,1.0
6229,1.0
6230,1.0
6236,1.0
6237,1.0
6238,1.0
6239,1.0
6241,1.0
6244,1.0
6246,1.0
6247,1.0
6248,1.0
6250,1.0
6252,1.0
6257,1.0
6258,1.0
6262,1.0
6263,1.0
6268,1.0
6270,1.0
6273,1.0
6274,1.0
6277,1.0
6280,1.0
6284,1.0
6290,1.0
6295,1.0
6296,1.0
6297,1.0
6302,1.0
6303,1.0
6304,1.0
6308,1.0
6309,1.0
6310,1.0
6313,1.0
6315,1.0
6317,1.0
6318,1.0
6320,1.0
6322,1.0
6323,1.0
6328,1.0
6331,1.0
6334,1.0
6340,1.0
6351,1.0
6353,1.0
6357,1.0
6365,1.0
6366,1.0
6368,1.0
6371,1.0
6373,1.0
6375,1.0
6378,1.0
6380,1.0
6383,1.0
6384,1.0
6391,1.0
6396,1.0
6402,1.0
6409,1.0
6410,1.0
6411,1.0
6413,1.0
6414,1.0
6424,1.0
6425,1.0
6426,1.0
6427,1.0
6431,1.0
6433,1.0
6434,1.0
6440,1.0
6441,1.0
6443,1.0
6445,1.0
6446,1.0
6448,1.0
6454,1.0
6455,1.0
6457,1.0
6458,1.0
6461,1.0
6462,1.0
6465,1.0
6469,1.0
6471,1.0
6472,1.0
6473,1.0
6477,1.0
6482,1.0
6485,1.0
6486,1.0
6489,1.0
6491,1.0
6496,1.0
6499,1.0
6501,1.0
6508,1.0
6520,1.0
6521,1.0
6523,1.0
6525,1.0
6527,1.0
6529,1.0
6530,1.0
6534,1.0
6535,1.0
6544,1.0
6546,1.0
6550,1.0
6553,1.0
6554,1.0
6559,1.0
6562,1.0
6563,1.0
6564,1.0
6566,1.0
6568,1.0
6569,1.0
6571,1.0
6573,1.0
6578,1.0
6580,1.0
6582,1.0
6588,1.0
6589,1.0
6592,1.0
6593,1.0
6596,1.0
6601,1.0
6603,1.0
6607,1.0
6609,1.0
6612,1.0
6614,1.0
6617,1.0
6618,1.0
6622,1.0
6628,1.0
6630,1.0
6635,1.0
6636,1.0
6639,1.0
6641,1.0
6642,1.0
6643,1.0
6644,1.0
6645,1.0
6649,1.0
6651,1.0
6656,1.0
6657,1.0
6660,1.0
6661,1.0
6666,1.0
6672,1.0
6673,1.0
6674,1.0
6675,1.0
6676,1.0
6682,1.0
6685,1.0
6687,1.0
6693,1.0
6696,1.0
6697,1.0
6698,1.0
6699,1.0
6700,1.0
6703,1.0
6704,1.0
6710,1.0
6711,1.0
6712,1.0
6713,1.0
6715,1.0
6718,1.0
6719,1.0
6720,1.0
6733,1.0
6736,1.0
6737,1.0
6742,1.0
6745,1.0
6746,1.0
6749,1.0
6750,1.0
6753,1.0
6755,1.0
6758,1.0
6759,1.0
6760,1.0
6762,1.0
6764,1.0
6766,1.0
6767,1.0
6769,1.0
6774,1.0
6775,1.0
6778,1.0
6787,1.0
6789,1.0
6792,1.0
6793,1.0
6794,1.0
6797,1.0
6799,1.0
6801,1.0
6802,1.0
6804,1.0
6805,1.0
6807,1.0
6808,1.0
6814,1.0
6820,1.0
6821,1.0
6822,1.0
6823,1.0
6825,1.0
6826,1.0
6832,1.0
6836,1.0
6838,1.0
6841,1.0
6842,1.0
6848,1.0
6851,1.0
6856,1.0
6860,1.0
6861,1.0
6865,1.0
6868,1.0
6869,1.0
6871,1.0
6872,1.0
6879,1.0
6882,1.0
6883,1.0
6886,1.0
6888,1.0
6890,1.0
6892,1.0
6896,1.0
6898,1.0
6900,1.0
6901,1.0
6902,1.0
6903,1.0
6908,1.0
6912,1.0
6913,1.0
6914,1.0
6916,1.0
6919,1.0
6928,1.0
6929,1.0
6932,1.0
6933,1.0
6934,1.0
6937,1.0
6938,1.0
6940,1.0
6944,1.0
6946,1.0
6947,1.0
6948,1.0
6949,1.0
6950,1.0
6953,1.0
6956,1.0
6957,1.0
6959,1.0
6962,1.0
6963,1.0
6964,1.0
6965,1.0
6967,1.0
6970,1.0
6972,1.0
6981,1.0
6984,1.0
6987,1.0
6993,1.0
6994,1.0
6997,1.0
6998,1.0
7002,1.0
7003,1.0
7005,1.0
7006,1.0
7011,1.0
7013,1.0
7017,1.0
7019,1.0
7020,1.0
7023,1.0
7026,1.0
7027,1.0
7030,1.0
7033,1.0
7034,1.0
7035,1.0
7040,1.0
7041,1.0
7042,1.0
7044,1.0
7045,1.0
7047,1.0
7048,1.0
7051,1.0
7053,1.0
7054,1.0
7055,1.0
7056,1.0
7057,1.0
7060,1.0
7063,1.0
7064,1.0
7067,1.0
7068,1.0
7069,1.0
7071,1.0
7072,1.0
7082,1.0
7083,1.0
7087,1.0
7088,1.0
7089,1.0
7090,1.0
7092,1.0
7095,1.0
7098,1.0
7099,1.0
7101,1.0
7102,1.0
7105,1.0
7107,1.0
7108,1.0
7109,1.0
7111,1.0
7113,1.0
7114,1.0
7116,1.0
7117,1.0
7121,1.0
7124,1.0
7127,1.0
7128,1.0
7130,1.0
7131,1.0
7135,1.0
7139,1.0
7142,1.0
7143,1.0
7145,1.0
7146,1.0
7147,1.0
7148,1.0
7149,1.0
7151,1.0
7152,1.0
7153,1.0
7156,1.0
7157,1.0
7158,1.0
7159,1.0
7160,1.0
7164,1.0
7167,1.0
7169,1.0
7175,1.0
7176,1.0
7177,1.0
7179,1.0
7181,1.0
7186,1.0
7188,1.0
7190,1.0
7191,1.0
7192,1.0
7194,1.0
7196,1.0
7199,1.0
7200,1.0
7204,1.0
7205,1.0
7211,1.0
7212,1.0
7215,1.0
7217,1.0
7221,1.0
7223,1.0
7227,1.0
7228,1.0
7229,1.0
7231,1.0
7232,1.0
7234,1.0
7237,1.0
7239,1.0
7240,1.0
7241,1.0
7246,1.0
7248,1.0
7252,1.0
7253,1.0
7254,1.0
7256,1.0
7259,1.0
7264,1.0
7266,1.0
7268,1.0
7271,1.0
7274,1.0
7280,1.0
7292,1.0
7293,1.0
7296,1.0
7299,1.0
7302,1.0
7304,1.0
7306,1.0
7317,1.0
7321,1.0
7322,1.0
7323,1.0
7325,1.0
7328,1.0
7329,1.0
7330,1.0
7331,1.0
7332,1.0
7334,1.0
7336,1.0
7337,1.0
7338,1.0
7341,1.0
7345,1.0
7348,1.0
7350,1.0
7351,1.0
7353,1.0
7357,1.0
7360,1.0
7367,1.0
7368,1.0
7369,1.0
7370,1.0
7371,1.0
7375,1.0
7379,1.0
7380,1.0
7382,1.0
7384,1.0
7392,1.0
7394,1.0
7397,1.0
7401,1.0
7403,1.0
7406,1.0
7407,1.0
7417,1.0
7418,1.0
7419,1.0
7422,1.0
7425,1.0
7426,1.0
7428,1.0
7429,1.0
7431,1.0
7432,1.0
7433,1.0
7435,1.0
7438,1.0
7439,1.0
7440,1.0
7441,1.0
7446,1.0
7447,1.0
7451,1.0
7452,1.0
7458,1.0
7459,1.0
7461,1.0
7462,1.0
7465,1.0
7466,1.0
7468,1.0
7469,1.0
7471,1.0
7473,1.0
7474,1.0
7475,1.0
7477,1.0
7478,1.0
7479,1.0
7482,1.0
7483,1.0
7485,1.0
7487,1.0
7489,1.0
7490,1.0
7500,1.0
7501,1.0
7513,1.0
7514,1.0
7515,1.0
7520,1.0
7526,1.0
7527,1.0
7531,1.0
7533,1.0
7534,1.0
7541,1.0
7543,1.0
7547,1.0
7548,1.0
7552,1.0
7554,1.0
7563,1.0
7571,1.0
7574,1.0
7579,1.0
7582,1.0
7587,1.0
7588,1.0
7591,1.0
7592,1.0
7593,1.0
7596,1.0
7611,1.0
7612,1.0
7614,1.0
7621,1.0
7622,1.0
7627,1.0
7629,1.0
7630,1.0
7631,1.0
7632,1.0
7637,1.0
7640,1.0
7643,1.0
7644,1.0
7645,1.0
7646,1.0
7652,1.0
7654,1.0
7659,1.0
7674,1.0
7676,1.0
7677,1.0
7678,1.0
7679,1.0
7680,1.0
7681,1.0
7682,1.0
7684,1.0
7685,1.0
7686,1.0
7691,1.0
7693,1.0
7694,1.0
7696,1.0
7698,1.0
7700,1.0
7702,1.0
7704,1.0
7706,1.0
7707,1.0
7709,1.0
7712,1.0
7716,1.0
7723,1.0
7724,1.0
7726,1.0
7727,1.0
7728,1.0
7729,1.0
7730,1.0
7731,1.0
7732,1.0
7736,1.0
7743,1.0
7746,1.0
7749,1.0
7750,1.0
7753,1.0
7755,1.0
7758,1.0
7760,1.0
7762,1.0
7763,1.0
7764,1.0
7772,1.0
7775,1.0
7776,1.0
7778,1.0
7781,1.0
7784,1.0
7786,1.0
7787,1.0
7788,1.0
7789,1.0
7793,1.0
7794,1.0
7795,1.0
7804,1.0
7805,1.0
7806,1.0
7809,1.0
7812,1.0
7818,1.0
7823,1.0
7825,1.0
7831,1.0
7836,1.0
7839,1.0
7842,1.0
7847,1.0
7850,1.0
7853,1.0
7855,1.0
7858,1.0
7860,1.0
7861,1.0
7862,1.0
7865,1.0
7866,1.0
7867,1.0
7871,1.0
7880,1.0
7882,1.0
7889,1.0
7892,1.0
7895,1.0
7896,1.0
7899,1.0
7902,1.0
7904,1.0
7905,1.0
7907,1.0
7910,1.0
7911,1.0
7914,1.0
7916,1.0
7917,1.0
7918,1.0
7919,1.0
7923,1.0
7925,1.0
7927,1.0
7928,1.0
7936,1.0
7938,1.0
7941,1.0
7947,1.0
7948,1.0
7949,1.0
7951,1.0
7952,1.0
7954,1.0
7955,1.0
7957,1.0
7958,1.0
7959,1.0
7962,1.0
7964,1.0
7967,1.0
7968,1.0
7971,1.0
7972,1.0
7978,1.0
7979,1.0
7982,1.0
7983,1.0
7984,1.0
7986,1.0
7988,1.0
7993,1.0
7996,1.0
7998,1.0
8005,1.0
8006,1.0
8008,1.0
8009,1.0
8011,1.0
8013,1.0
8019,1.0
8026,1.0
8028,1.0
8029,1.0
8035,1.0
8036,1.0
8038,1.0
8041,1.0
8043,1.0
8044,1.0
8045,1.0
8054,1.0
8056,1.0
8058,1.0
8060,1.0
8061,1.0
8062,1.0
8063,1.0
8065,1.0
8069,1.0
8070,1.0
8071,1.0
8075,1.0
8079,1.0
8081,1.0
8084,1.0
8089,1.0
8098,1.0
8100,1.0
8102,1.0
8103,1.0
8104,1.0
8106,1.0
8109,1.0
8112,1.0
8114,1.0
8116,1.0
8122,1.0
8123,1.0
8124,1.0
8129,1.0
8130,1.0
8132,1.0
8133,1.0
8136,1.0
8138,1.0
8139,1.0
8142,1.0
8147,1.0
8151,1.0
8152,1.0
8153,1.0
8154,1.0
8156,1.0
8158,1.0
8159,1.0
8160,1.0
8161,1.0
8167,1.0
8168,1.0
8169,1.0
8170,1.0
8172,1.0
8173,1.0
8174,1.0
8178,1.0
8180,1.0
8185,1.0
8187,1.0
8190,1.0
8192,1.0
8197,1.0
8200,1.0
8201,1.0
8202,1.0
8203,1.0
8207,1.0
8208,1.0
8209,1.0
8211,1.0
8212,1.0
8214,1.0
8218,1.0
8223,1.0
8227,1.0
8229,1.0
8230,1.0
8231,1.0
8232,1.0
8234,1.0
8238,1.0
8239,1.0
8240,1.0
8242,1.0
8246,1.0
8247,1.0
8250,1.0
8251,1.0
8253,1.0
8257,1.0
8258,1.0
8259,1.0
8260,1.0
8261,1.0
8262,1.0
8264,1.0
8271,1.0
8272,1.0
8273,1.0
8275,1.0
8277,1.0
8278,1.0
8279,1.0
8283,1.0
8286,1.0
8288,1.0
8290,1.0
8291,1.0
8292,1.0
8296,1.0
8297,1.0
8298,1.0
8299,1.0
8300,1.0
8304,1.0
8305,1.0
8307,1.0
8311,1.0
8314,1.0
8315,1.0
8316,1.0
8317,1.0
8318,1.0
8321,1.0
8324,1.0
8328,1.0
8329,1.0
8335,1.0
8336,1.0
8337,1.0
8339,1.0
8341,1.0
8342,1.0
8343,1.0
8346,1.0
8348,1.0
8350,1.0
8351,1.0
8357,1.0
8358,1.0
8371,1.0
8383,1.0
8398,1.0
8402,1.0
8404,1.0
8405,1.0
8406,1.0
8409,1.0
8410,1.0
8411,1.0
8412,1.0
8414,1.0
8416,1.0
8418,1.0
8419,1.0
8420,1.0
8421,1.0
8426,1.0
8429,1.0
8431,1.0
8433,1.0
8438,1.0
8439,1.0
8441,1.0
8442,1.0
8443,1.0
8444,1.0
8448,1.0
8451,1.0
8455,1.0
8456,1.0
8461,1.0
8462,1.0
8464,1.0
8465,1.0
8468,1.0
8476,1.0
8481,1.0
8483,1.0
8484,1.0
8486,1.0
8494,1.0
8495,1.0
8497,1.0
8499,1.0
8500,1.0
8503,1.0
8504,1.0
8510,1.0
8511,1.0
8516,1.0
8519,1.0
8521,1.0
8524,1.0
8527,1.0
8529,1.0
8531,1.0
8532,1.0
8538,1.0
8540,1.0
8541,1.0
8545,1.0
8546,1.0
8548,1.0
8556,1.0
8558,1.0
8564,1.0
8565,1.0
8570,1.0
8574,1.0
8575,1.0
8576,1.0
8577,1.0
8578,1.0
8579,1.0
8580,1.0
8582,1.0
8586,1.0
8587,1.0
8588,1.0
8590,1.0
8592,1.0
8594,1.0
8598,1.0
8600,1.0
8601,1.0
8602,1.0
8604,1.0
8606,1.0
8610,1.0
8615,1.0
8619,1.0
8628,1.0
8629,1.0
8636,1.0
8641,1.0
8645,1.0
8655,1.0
8656,1.0
8667,1.0
8670,1.0
8672,1.0
8678,1.0
8679,1.0
8680,1.0
8688,1.0
8689,1.0
8690,1.0
8691,1.0
8693,1.0
8694,1.0
8695,1.0
8696,1.0
8702,1.0
8706,1.0
8710,1.0
8711,1.0
8717,1.0
8721,1.0
8723,1.0
8724,1.0
8725,1.0
8726,1.0
8728,1.0
8732,1.0
8734,1.0
8735,1.0
8739,1.0
8741,1.0
8742,1.0
8743,1.0
8744,1.0
8745,1.0
8747,1.0
8748,1.0
8749,1.0
8756,1.0
8757,1.0
8758,1.0
8760,1.0
8761,1.0
8763,1.0
8767,1.0
8769,1.0
8774,1.0
8775,1.0
8776,1.0
8779,1.0
8780,1.0
8783,1.0
8787,1.0
8788,1.0
8789,1.0
8790,1.0
8794,1.0
8795,1.0
8797,1.0
8798,1.0
8799,1.0
8802,1.0
8803,1.0
8808,1.0
8812,1.0
8815,1.0
8816,1.0
8818,1.0
8821,1.0
8822,1.0
8823,1.0
8828,1.0
8829,1.0
8837,1.0
8838,1.0
8839,1.0
8842,1.0
8846,1.0
8847,1.0
8848,1.0
8858,1.0
8859,1.0
8861,1.0
8870,1.0
8876,1.0
8877,1.0
8880,1.0
8882,1.0
8884,1.0
8886,1.0
8888,1.0
8889,1.0
8890,1.0
8892,1.0
8894,1.0
8895,1.0
8897,1.0
8905,1.0
8906,1.0
8907,1.0
8910,1.0
8911,1.0
8913,1.0
8915,1.0
8923,1.0
8925,1.0
8926,1.0
8928,1.0
8931,1.0
8934,1.0
8938,1.0
8942,1.0
8949,1.0
8952,1.0
8954,1.0
8956,1.0
8957,1.0
8961,1.0
8965,1.0
8972,1.0
8980,1.0
8981,1.0
8982,1.0
8984,1.0
8987,1.0
8990,1.0
8994,1.0
8997,1.0
8998,1.0
8999,1.0
9004,1.0
9006,1.0
9009,1.0
9010,1.0
9012,1.0
9014,1.0
9018,1.0
9019,1.0
9020,1.0
9021,1.0
9027,1.0
9029,1.0
9032,1.0
9034,1.0
9036,1.0
9045,1.0
9048,1.0
9050,1.0
9052,1.0
9053,1.0
9054,1.0
9055,1.0
9059,1.0
9063,1.0
9068,1.0
9071,1.0
9073,1.0
9074,1.0
9077,1.0
9078,1.0
9082,1.0
9083,1.0
9088,1.0
9091,1.0
9092,1.0
9096,1.0
9097,1.0
9104,1.0
9105,1.0
9107,1.0
9109,1.0
9110,1.0
9111,1.0
9123,1.0
9125,1.0
9127,1.0
9131,1.0
9132,1.0
9135,1.0
9140,1.0
9141,1.0
9142,1.0
9143,1.0
9144,1.0
9149,1.0
9152,1.0
9153,1.0
9155,1.0
9156,1.0
9159,1.0
9162,1.0
9170,1.0
9172,1.0
9173,1.0
9174,1.0
9177,1.0
9181,1.0
9183,1.0
9185,1.0
9186,1.0
9187,1.0
9188,1.0
9189,1.0
9190,1.0
9193,1.0
9195,1.0
9200,1.0
9203,1.0
9207,1.0
9209,1.0
9210,1.0
9211,1.0
9215,1.0
9224,1.0
9227,1.0
9232,1.0
9233,1.0
9235,1.0
9237,1.0
9239,1.0
9240,1.0
9243,1.0
9244,1.0
9245,1.0
9247,1.0
9250,1.0
9252,1.0
9255,1.0
9256,1.0
9258,1.0
9260,1.0
9262,1.0
9263,1.0
9268,1.0
9270,1.0
9271,1.0
9273,1.0
9275,1.0
9276,1.0
9277,1.0
9285,1.0
9291,1.0
9292,1.0
9293,1.0
9296,1.0
9298,1.0
9301,1.0
9302,1.0
9303,1.0
9306,1.0
9308,1.0
9309,1.0
9312,1.0
9315,1.0
9316,1.0
9318,1.0
9319,1.0
9320,1.0
9322,1.0
9327,1.0
9328,1.0
9329,1.0
9331,1.0
9332,1.0
9336,1.0
9338,1.0
9339,1.0
9343,1.0
9345,1.0
9350,1.0
9351,1.0
9355,1.0
9357,1.0
9359,1.0
9360,1.0
9362,1.0
9364,1.0
9365,1.0
9367,1.0
9368,1.0
9371,1.0
9372,1.0
9373,1.0
9378,1.0
9381,1.0
9382,1.0
9384,1.0
9393,1.0
9394,1.0
9397,1.0
9401,1.0
9404,1.0
9419,1.0
9430,1.0
9432,1.0
9434,1.0
9436,1.0
9439,1.0
9440,1.0
9443,1.0
9444,1.0
9451,1.0
9453,1.0
9457,1.0
9461,1.0
9470,1.0
9471,1.0
9472,1.0
9474,1.0
9478,1.0
9484,1.0
9485,1.0
9486,1.0
9489,1.0
9491,1.0
9494,1.0
9495,1.0
9497,1.0
9500,1.0
9506,1.0
9507,1.0
9508,1.0
9509,1.0
9510,1.0
9511,1.0
9513,1.0
9515,1.0
9517,1.0
9519,1.0
9524,1.0
9526,1.0
9528,1.0
9531,1.0
9533,1.0
9535,1.0
9540,1.0
9542,1.0
9546,1.0
9550,1.0
9551,1.0
9555,1.0
9558,1.0
9561,1.0
9562,1.0
9566,1.0
9569,1.0
9570,1.0
9574,1.0
9576,1.0
9577,1.0
9578,1.0
9581,1.0
9583,1.0
9588,1.0
9589,1.0
9597,1.0
9599,1.0
9602,1.0
9605,1.0
9608,1.0
9611,1.0
9613,1.0
9616,1.0
9617,1.0
9618,1.0
9619,1.0
9620,1.0
9622,1.0
9625,1.0
9631,1.0
9632,1.0
9633,1.0
9638,1.0
9639,1.0
9645,1.0
9647,1.0
9650,1.0
9653,1.0
9654,1.0
9658,1.0
9659,1.0
9660,1.0
9665,1.0
9667,1.0
9670,1.0
9672,1.0
9674,1.0
9675,1.0
9677,1.0
9680,1.0
9681,1.0
9682,1.0
9689,1.0
9691,1.0
9704,1.0
9707,1.0
9710,1.0
9713,1.0
9715,1.0
9719,1.0
9723,1.0
9726,1.0
9730,1.0
9731,1.0
9732,1.0
9735,1.0
9736,1.0
9739,1.0
9742,1.0
9745,1.0
9746,1.0
9747,1.0
9750,1.0
9751,1.0
9752,1.0
9753,1.0
9755,1.0
9756,1.0
9760,1.0
9768,1.0
9774,1.0
9779,1.0
9781,1.0
9783,1.0
9787,1.0
9793,1.0
9796,1.0
9798,1.0
9800,1.0
9802,1.0
9807,1.0
9809,1.0
9810,1.0
9811,1.0
9817,1.0
9821,1.0
9823,1.0
9828,1.0
9829,1.0
9831,1.0
9832,1.0
9833,1.0
9835,1.0
9841,1.0
9843,1.0
9845,1.0
9848,1.0
9851,1.0
9852,1.0
9853,1.0
9858,1.0
9859,1.0
9864,1.0
9870,1.0
9872,1.0
9873,1.0
9879,1.0
9882,1.0
9888,1.0
9892,1.0
9897,1.0
9899,1.0
9901,1.0
9906,1.0
9908,1.0
9916,1.0
9918,1.0
9923,1.0
9930,1.0
9931,1.0
9933,1.0
9934,1.0
9936,1.0
9944,1.0
9945,1.0
9947,1.0
9951,1.0
9952,1.0
9955,1.0
9958,1.0
9960,1.0
9963,1.0
9968,1.0
9969,1.0
9970,1.0
9973,1.0
9975,1.0
9981,1.0
9984,1.0
9985,1.0
9992,1.0
10001,1.0
10005,1.0
10009,1.0
10010,1.0
10012,1.0
10015,1.0
10016,1.0
10018,1.0
10024,1.0
10025,1.0
10026,1.0
10027,1.0
10028,1.0
10029,1.0
10033,1.0
10035,1.0
10036,1.0
10038,1.0
10039,1.0
10040,1.0
10041,1.0
10043,1.0
10044,1.0
10048,1.0
10049,1.0
10052,1.0
10053,1.0
10055,1.0
10059,1.0
10061,1.0
10062,1.0
10063,1.0
10065,1.0
10067,1.0
10071,1.0
10074,1.0
10075,1.0
10076,1.0
10077,1.0
10078,1.0
10081,1.0
10085,1.0
10089,1.0
10090,1.0
10093,1.0
10095,1.0
10099,1.0
10100,1.0
10101,1.0
10105,1.0
10109,1.0
10115,1.0
10119,1.0
10123,1.0
10126,1.0
10127,1.0
10129,1.0
10134,1.0
10139,1.0
10142,1.0
10143,1.0
10155,1.0
10156,1.0
10158,1.0
10161,1.0
10162,1.0
10167,1.0
10172,1.0
10177,1.0
10185,1.0
10189,1.0
10194,1.0
10195,1.0
10197,1.0
10198,1.0
10201,1.0
10202,1.0
10203,1.0
10204,1.0
10207,1.0
10208,1.0
10211,1.0
10214,1.0
10219,1.0
10225,1.0
10226,1.0
10228,1.0
10229,1.0
10231,1.0
10232,1.0
10233,1.0
10236,1.0
10237,1.0
10243,1.0
10244,1.0
10245,1.0
10247,1.0
10248,1.0
10250,1.0
10251,1.0
10254,1.0
10256,1.0
10263,1.0
10266,1.0
10269,1.0
10271,1.0
10276,1.0
10278,1.0
10279,1.0
10281,1.0
10282,1.0
10285,1.0
10286,1.0
10289,1.0
10292,1.0
10294,1.0
10298,1.0
10299,1.0
10307,1.0
10309,1.0
10311,1.0
10312,1.0
10315,1.0
10318,1.0
10325,1.0
10327,1.0
10330,1.0
10334,1.0
10335,1.0
10337,1.0
10339,1.0
10340,1.0
10342,1.0
10346,1.0
10347,1.0
10348,1.0
10349,1.0
10352,1.0
10353,1.0
10355,1.0
10356,1.0
10357,1.0
10360,1.0
10369,1.0
10370,1.0
10373,1.0
10378,1.0
10384,1.0
10385,1.0
10388,1.0
10389,1.0
10390,1.0
10391,1.0
10392,1.0
10393,1.0
10394,1.0
10396,1.0
10401,1.0
10403,1.0
10406,1.0
10412,1.0
10417,1.0
10419,1.0
10421,1.0
10422,1.0
10427,1.0
10428,1.0
10432,1.0
10433,1.0
10436,1.0
10441,1.0
10449,1.0
10450,1.0
10456,1.0
10457,1.0
10458,1.0
10459,1.0
10461,1.0
10463,1.0
10465,1.0
10467,1.0
10469,1.0
10471,1.0
10483,1.0
10487,1.0
10496,1.0
10498,1.0
10499,1.0
10509,1.0
10510,1.0
10512,1.0
10514,1.0
10517,1.0
10520,1.0
10522,1.0
10525,1.0
10526,1.0
10528,1.0
10533,1.0
10535,1.0
10536,1.0
10539,1.0
10540,1.0
10542,1.0
10543,1.0
10544,1.0
10545,1.0
10549,1.0
10550,1.0
10556,1.0
10558,1.0
10563,1.0
10566,1.0
10569,1.0
10574,1.0
10579,1.0
10580,1.0
10581,1.0
10583,1.0
10584,1.0
10589,1.0
10590,1.0
10591,1.0
10597,1.0
10598,1.0
10599,1.0
10601,1.0
10603,1.0
10604,1.0
10607,1.0
10608,1.0
10609,1.0
10614,1.0
10623,1.0
10624,1.0
10626,1.0
10627,1.0
10631,1.0
10634,1.0
10637,1.0
10640,1.0
10643,1.0
10644,1.0
10645,1.0
10646,1.0
10651,1.0
10652,1.0
10653,1.0
10658,1.0
10664,1.0
10667,1.0
10668,1.0
10671,1.0
10672,1.0
10673,1.0
10675,1.0
10676,1.0
10679,1.0
10682,1.0
10685,1.0
10688,1.0
10691,1.0
10692,1.0
10693,1.0
10698,1.0
10701,1.0
10702,1.0
10703,1.0
10704,1.0
10705,1.0
10711,1.0
10714,1.0
10725,1.0
10726,1.0
10730,1.0
10732,1.0
10735,1.0
10736,1.0
10741,1.0
10742,1.0
10743,1.0
10744,1.0
10745,1.0
10746,1.0
10747,1.0
10752,1.0
10753,1.0
10754,1.0
10755,1.0
10756,1.0
10762,1.0
10763,1.0
10764,1.0
10766,1.0
10775,1.0
10776,1.0
10777,1.0
10791,1.0
10795,1.0
10799,1.0
10801,1.0
10802,1.0
10803,1.0
10804,1.0
10806,1.0
10808,1.0
10809,1.0
10810,1.0
10815,1.0
10816,1.0
10818,1.0
10819,1.0
10820,1.0
10823,1.0
10826,1.0
10829,1.0
10831,1.0
10832,1.0
10834,1.0
10835,1.0
10839,1.0
10840,1.0
10841,1.0
10844,1.0
10845,1.0
10847,1.0
10850,1.0
10854,1.0
10858,1.0
10861,1.0
10862,1.0
10863,1.0
10865,1.0
10866,1.0
10870,1.0
10871,1.0
10875,1.0
10876,1.0
10878,1.0
10883,1.0
10886,1.0
10890,1.0
10892,1.0
10893,1.0
10899,1.0
10900,1.0
10903,1.0
10907,1.0
10908,1.0
10909,1.0
10918,1.0
10919,1.0
10924,1.0
10927,1.0
10928,1.0
10929,1.0
10930,1.0
10933,1.0
10934,1.0
10936,1.0
10937,1.0
10940,1.0
10941,1.0
10945,1.0
10946,1.0
10947,1.0
10948,1.0
10953,1.0
10954,1.0
10956,1.0
10957,1.0
10959,1.0
10961,1.0
10963,1.0
10966,1.0
10967,1.0
10975,1.0
10981,1.0
10986,1.0
10992,1.0
10995,1.0
10997,1.0
10999,1.0
11000,1.0
11003,1.0
11005,1.0
11006,1.0
11009,1.0
11010,1.0
11012,1.0
11013,1.0
11014,1.0
11016,1.0
11022,1.0
11026,1.0
11027,1.0
11028,1.0
11034,1.0
11035,1.0
11037,1.0
11041,1.0
11043,1.0
11044,1.0
11047,1.0
11052,1.0
11055,1.0
11056,1.0
11057,1.0
11060,1.0
11062,1.0
11063,1.0
11065,1.0
11066,1.0
11068,1.0
11069,1.0
11070,1.0
11074,1.0
11076,1.0
11086,1.0
11087,1.0
11090,1.0
11092,1.0
11095,1.0
11099,1.0
11105,1.0
11107,1.0
11110,1.0
11111,1.0
11113,1.0
11114,1.0
11118,1.0
11121,1.0
11125,1.0
11127,1.0
11129,1.0
11130,1.0
11131,1.0
11136,1.0
11137,1.0
11140,1.0
11142,1.0
11143,1.0
11146,1.0
11149,1.0
11152,1.0
11160,1.0
11162,1.0
11164,1.0
11168,1.0
11169,1.0
11171,1.0
11174,1.0
11175,1.0
11176,1.0
11179,1.0
11182,1.0
11186,1.0
11187,1.0
11191,1.0
11199,1.0
11207,1.0
11209,1.0
11210,1.0
11213,1.0
11215,1.0
11221,1.0
11222,1.0
11228,1.0
11229,1.0
11230,1.0
11231,1.0
11233,1.0
11235,1.0
11244,1.0
11247,1.0
11248,1.0
11251,1.0
11255,1.0
11256,1.0
11262,1.0
11263,1.0
11264,1.0
11267,1.0
11269,1.0
11272,1.0
11277,1.0
11281,1.0
11283,1.0
11285,1.0
11286,1.0
11289,1.0
11290,1.0
11291,1.0
11296,1.0
11307,1.0
11308,1.0
11309,1.0
11310,1.0
11312,1.0
11314,1.0
11317,1.0
11319,1.0
11322,1.0
11323,1.0
11324,1.0
11329,1.0
11330,1.0
11332,1.0
11336,1.0
11338,1.0
11340,1.0
11343,1.0
11345,1.0
11346,1.0
11349,1.0
11350,1.0
11359,1.0
11365,1.0
11368,1.0
11369,1.0
11370,1.0
11378,1.0
11379,1.0
11380,1.0
11382,1.0
11383,1.0
11384,1.0
11386,1.0
11387,1.0
11389,1.0
11392,1.0
11393,1.0
11395,1.0
11396,1.0
11397,1.0
11398,1.0
11401,1.0
11404,1.0
11406,1.0
11409,1.0
11410,1.0
11415,1.0
11416,1.0
11419,1.0
11438,1.0
11439,1.0
11440,1.0
11441,1.0
11443,1.0
11445,1.0
11446,1.0
11447,1.0
11450,1.0
11454,1.0
11458,1.0
11460,1.0
11461,1.0
11462,1.0
11464,1.0
11466,1.0
11468,1.0
11469,1.0
11470,1.0
11471,1.0
11475,1.0
11477,1.0
11481,1.0
11483,1.0
11485,1.0
11490,1.0
11491,1.0
11493,1.0
11495,1.0
11501,1.0
11503,1.0
11504,1.0
11505,1.0
11507,1.0
11511,1.0
11512,1.0
11513,1.0
11516,1.0
11517,1.0
11518,1.0
11525,1.0
11528,1.0
11536,1.0
11539,1.0
11546,1.0
11547,1.0
11551,1.0
11553,1.0
11554,1.0
11557,1.0
11559,1.0
11565,1.0
11570,1.0
11571,1.0
11575,1.0
11576,1.0
11581,1.0
11591,1.0
11593,1.0
11594,1.0
11601,1.0
11602,1.0
11606,1.0
11608,1.0
11609,1.0
11611,1.0
11619,1.0
11620,1.0
11630,1.0
11631,1.0
11632,1.0
11634,1.0
11636,1.0
11640,1.0
11642,1.0
11647,1.0
11650,1.0
11654,1.0
11655,1.0
11660,1.0
11663,1.0
11664,1.0
11665,1.0
11668,1.0
11669,1.0
11670,1.0
11672,1.0
11680,1.0
11684,1.0
11685,1.0
11691,1.0
11700,1.0
11702,1.0
11705,1.0
11707,1.0
11710,1.0
11711,1.0
11714,1.0
11717,1.0
11722,1.0
11724,1.0
11728,1.0
11729,1.0
11730,1.0
11732,1.0
11733,1.0
11738,1.0
11740,1.0
11741,1.0
11742,1.0
11748,1.0
11761,1.0
11766,1.0
11775,1.0
11776,1.0
11783,1.0
11784,1.0
11786,1.0
11787,1.0
11791,1.0
11796,1.0
11798,1.0
11801,1.0
11802,1.0
11805,1.0
11808,1.0
11811,1.0
11813,1.0
11824,1.0
11828,1.0
11829,1.0
11830,1.0
11831,1.0
11832,1.0
11834,1.0
11843,1.0
11844,1.0
11849,1.0
11853,1.0
11854,1.0
11857,1.0
11860,1.0
11861,1.0
11864,1.0
11868,1.0
11870,1.0
11871,1.0
11873,1.0
11874,1.0
11875,1.0
11876,1.0
11879,1.0
11881,1.0
11882,1.0
11883,1.0
11889,1.0
11892,1.0
11893,1.0
11903,1.0
11904,1.0
11905,1.0
11906,1.0
11909,1.0
11910,1.0
11929,1.0
11932,1.0
11933,1.0
11938,1.0
11941,1.0
11944,1.0
11946,1.0
11949,1.0
11950,1.0
11951,1.0
11959,1.0
11960,1.0
11967,1.0
11970,1.0
11975,1.0
11983,1.0
11984,1.0
11986,1.0
11987,1.0
11988,1.0
11989,1.0
11996,1.0
11997,1.0
11998,1.0
11999,1.0
12002,1.0
12003,1.0
12004,1.0
12008,1.0
12013,1.0
12016,1.0
12017,1.0
12018,1.0
12020,1.0
12022,1.0
12023,1.0
12026,1.0
12031,1.0
12033,1.0
12034,1.0
12039,1.0
12047,1.0
12054,1.0
12059,1.0
12060,1.0
12063,1.0
12065,1.0
12066,1.0
12074,1.0
12077,1.0
12078,1.0
12080,1.0
12082,1.0
12083,1.0
12084,1.0
12085,1.0
12089,1.0
12090,1.0
12091,1.0
12095,1.0
12101,1.0
12102,1.0
12108,1.0
12110,1.0
12112,1.0
12120,1.0
12121,1.0
12125,1.0
12127,1.0
12129,1.0
12130,1.0
12132,1.0
12133,1.0
12134,1.0
12135,1.0
12140,1.0
12146,1.0
12149,1.0
12150,1.0
12154,1.0
12155,1.0
12158,1.0
12160,1.0
12161,1.0
12163,1.0
12164,1.0
12166,1.0
12169,1.0
12170,1.0
12172,1.0
12180,1.0
12183,1.0
12186,1.0
12189,1.0
12196,1.0
12198,1.0
12200,1.0
12201,1.0
12205,1.0
12217,1.0
12226,1.0
12227,1.0
12228,1.0
12230,1.0
12231,1.0
12235,1.0
12239,1.0
12241,1.0
12246,1.0
12250,1.0
12252,1.0
12254,1.0
12261,1.0
12263,1.0
12264,1.0
12265,1.0
12268,1.0
12270,1.0
12273,1.0
12275,1.0
12276,1.0
12277,1.0
12280,1.0
12281,1.0
12282,1.0
12284,1.0
12285,1.0
12290,1.0
12297,1.0
12298,1.0
12301,1.0
12303,1.0
12306,1.0
12308,1.0
12315,1.0
12316,1.0
12317,1.0
12318,1.0
12319,1.0
12322,1.0
12323,1.0
12324,1.0
12326,1.0
12327,1.0
12328,1.0
12331,1.0
12332,1.0
12335,1.0
12342,1.0
12343,1.0
12344,1.0
12346,1.0
12358,1.0
12364,1.0
12369,1.0
12380,1.0
12388,1.0
12389,1.0
12395,1.0
12397,1.0
12398,1.0
12400,1.0
12402,1.0
12404,1.0
12405,1.0
12406,1.0
12407,1.0
12409,1.0
12410,1.0
12412,1.0
12413,1.0
12414,1.0
12415,1.0
12416,1.0
12417,1.0
12420,1.0
12423,1.0
12424,1.0
12439,1.0
12443,1.0
12445,1.0
12447,1.0
12449,1.0
12453,1.0
12455,1.0
12458,1.0
12460,1.0
12465,1.0
12466,1.0
12467,1.0
12469,1.0
12476,1.0
12477,1.0
12478,1.0
12486,1.0
12487,1.0
12488,1.0
12489,1.0
12491,1.0
12495,1.0
12496,1.0
12498,1.0
12510,1.0
12511,1.0
12514,1.0
12518,1.0
12521,1.0
12522,1.0
12525,1.0
12529,1.0
12531,1.0
12533,1.0
12535,1.0
12537,1.0
12538,1.0
12539,1.0
12540,1.0
12541,1.0
12551,1.0
12555,1.0
12557,1.0
12559,1.0
12560,1.0
12566,1.0
12567,1.0
12574,1.0
12579,1.0
12584,1.0
12590,1.0
12595,1.0
12597,1.0
12603,1.0
12606,1.0
12607,1.0
12609,1.0
12610,1.0
12613,1.0
12615,1.0
12619,1.0
12620,1.0
12621,1.0
12622,1.0
12625,1.0
12626,1.0
12627,1.0
12628,1.0
12629,1.0
12630,1.0
12633,1.0
12642,1.0
12647,1.0
12652,1.0
12654,1.0
12655,1.0
12663,1.0
12664,1.0
12668,1.0
12670,1.0
12671,1.0
12677,1.0
12678,1.0
12680,1.0
12681,1.0
12682,1.0
12687,1.0
12690,1.0
12691,1.0
12696,1.0
12698,1.0
12699,1.0
12700,1.0
12702,1.0
12707,1.0
12709,1.0
12711,1.0
12713,1.0
12714,1.0
12715,1.0
12721,1.0
12722,1.0
12726,1.0
12728,1.0
12729,1.0
12731,1.0
12733,1.0
12742,1.0
12745,1.0
12746,1.0
12750,1.0
12754,1.0
12757,1.0
12762,1.0
12763,1.0
12766,1.0
12769,1.0
12771,1.0
12773,1.0
12775,1.0
12777,1.0
12780,1.0
12782,1.0
12784,1.0
12785,1.0
12786,1.0
12792,1.0
12794,1.0
12795,1.0
12798,1.0
12799,1.0
12804,1.0
12808,1.0
12809,1.0
12810,1.0
12811,1.0
12819,1.0
12822,1.0
12823,1.0
12826,1.0
12829,1.0
12833,1.0
12834,1.0
12836,1.0
12838,1.0
12843,1.0
12845,1.0
12848,1.0
12854,1.0
12855,1.0
12856,1.0
12865,1.0
12866,1.0
12868,1.0
12870,1.0
12872,1.0
12873,1.0
12874,1.0
12877,1.0
12879,1.0
12880,1.0
12888,1.0
12892,1.0
12893,1.0
12896,1.0
12898,1.0
12899,1.0
12906,1.0
12907,1.0
12908,1.0
12913,1.0
12917,1.0
12923,1.0
12929,1.0
12930,1.0
12931,1.0
12936,1.0
12951,1.0
12952,1.0
12956,1.0
12958,1.0
12960,1.0
12961,1.0
12963,1.0
12966,1.0
12974,1.0
12976,1.0
12978,1.0
12982,1.0
12986,1.0
12988,1.0
12993,1.0
12994,1.0
12995,1.0
12999,1.0
13003,1.0
13005,1.0
13008,1.0
13013,1.0
13014,1.0
13015,1.0
13017,1.0
13018,1.0
13031,1.0
13032,1.0
13036,1.0
13040,1.0
13043,1.0
13048,1.0
13053,1.0
13065,1.0
13066,1.0
13070,1.0
13072,1.0
13074,1.0
13075,1.0
13076,1.0
13078,1.0
13080,1.0
13084,1.0
13090,1.0
13091,1.0
13093,1.0
13094,1.0
13096,1.0
13101,1.0
13102,1.0
13104,1.0
13105,1.0
13106,1.0
13107,1.0
13117,1.0
13118,1.0
13125,1.0
13126,1.0
13132,1.0
13133,1.0
13134,1.0
13135,1.0
13138,1.0
13143,1.0
13146,1.0
13147,1.0
13154,1.0
13156,1.0
13158,1.0
13159,1.0
13162,1.0
13163,1.0
13164,1.0
13168,1.0
13171,1.0
13176,1.0
13181,1.0
